##kay mann
kmann@enron.com=kay.mann@enron.com
mann.kay@enron.com=kay.mann@enron.com

#vince kaminski
vince.kaminski@enron.com=vince.kaminski@enron.com
vince.j.kaminski@enron.com=vince.kaminski@enron.com
kaminski.vincent@enron.com=vince.kaminski@enron.com
vince_j_kaminski@enron.com=vince.kaminski@enron.com
j..kaminski@enron.com=vince.kaminski@enron.com
vkaminski@enron.com=vince.kaminski@enron.com
vince_j_kaminski@ei.enron.com=vince.kaminski@enron.com
incent.j.kaminski@enron.com=vince.kaminski@enron.com
j.kaminski@enron.com=vince.kaminski@enron.com
vkamins@enron.com=vince.kaminski@enron.com

# jeff dasovich
jeff.dasovich@enron.com=jeff.dasovich@enron.com
jeff_dasovich@enron.com=jeff.dasovich@enron.com
jdasovich@enron.com=jeff.dasovich@enron.com
jeffdasovich@enron.com=jeff.dasovich@enron.com
dasovich@enron.com=jeff.dasovich@enron.com
jeff_dasovich@ees.enron.com=jeff.dasovich@enron.com
dasovich.jeff@enron.com=jeff.dasovich@enron.com
jdasovic@ees.enron.com=jeff.dasovich@enron.com
dasovich@enron.com=jeff.dasovich@enron.com
jdasovic@enron.com=jeff.dasovich@enron.com

# pete davis
pete.davis@enron.com=pete.davis@enron.com

# chris germany
c.germany@enron.com=chris.germany@enron.com
chris_germany@enron.com=chris.germany@enron.com
chris.germany@enron.com=chris.germany@enron.com
cgerman@enron.com=chris.germany@enron.com

#Darron C. Giron
dgiron@enron.com=darron.giron@enron.com

# sara shackleton
shackleton@mailman.enron.com=sara.shackleton@enron.com
sara.shackleton@enron.com=sara.shackleton@enron.com
shackleton@enron.com=sara.shackleton@enron.com
sara_shackleton@enron.com=sara.shackleton@enron.com
shackleton@enron.com=sara.shackleton@enron.com
Sara.Shackleton@enron.com=sara.shackleton@enron.com
sara.shackleton.ect@enron.com=sara.shackleton@enron.com
shackleton.sara@enron.com=sara.shackleton@enron.com

# tana jones
tana.jones@enron.com=tana.jones@enron.com
tana'.'jones@enron.com=tana.jones@enron.com
tana_jones@enron.com=tana.jones@enron.com
tjones3@notes.enron.com=tana.jones@enron.com

# steven kean
steven.kean@enron.com=steven.kean@enron.com
steven.j.kean@enron.com=steven.kean@enron.com
steve.kean@enron.com=steven.kean@enron.com
j.'.'kean@enron.com=steven.kean@enron.com
skean@enron.com=steven.kean@enron.com
kean.steve@enron.com=steven.kean@enron.com

# kate symes
kate.symes@enron.com=kate.symes@enron.com
ksymes@enron.com=kate.symes@enron.com

# mathew lenhart
matthew.lenhart@enron.com=matthew.lenhart@enron.com
mlenhart@enron.com=matthew.lenhart@enron.com
lenhart.matt@enron.com=matthew.lenhart@enron.com
mlenhart@notes.enron.com=matthew.lenhart@enron.com
mlenhart@ect.enron.com=matthew.lenhart@enron.com

# eric bass
eric.bass@enron.com=eric.bass@enron.com
ebass@enron.com=eric.bass@enron.com
bass.eric@enron.com=eric.bass@enron.com
ebass@ect.enron.com=eric.bass@enron.com

# debra perlingiere
debra.perlingiere@enron.com=debra.perlingiere@enron.com
perlingiere.debra@enron.com=debra.perlingiere@enron.com
Debra.Perlingiere@enron.com=debra.perlingiere@enron.com

# sally beck
sally.beck@enron.com=sally.beck@enron.com
sally'.'beck@enron.com=sally.beck@enron.com
sally_beck@enron.com=sally.beck@enron.com

# mark taylor
mark.taylor@enron.com=mark.taylor@enron.com
m.taylor@enron.com=mark.taylor@enron.com
taylor@enron.com=mark.taylor@enron.com
mtaylor@enron.com=mark.taylor@enron.com
mark.e.taylor@enron.com=mark.taylor@enron.com
mtaylor@ect.enron.com=mark.taylor@enron.com

# susan scott
susan.scott@enron.com=susan.scott@enron.com
scott.susan@enron.com=susan.scott@enron.com
susan'.'scott@enron.com=susan.scott@enron.com
susan@enron.com=susan.scott@enron.com
Susan.Scott@enron.com=susan.scott@enron.com
sscott5@enron.com=susan.scott@enron.com
sscott3@enron.com=susan.scott@enron.com


#Susan M. Scott
Susan.M.Scott@enron.com=m..scott@enron.com
sscott5@enron.com=m..scott@enron.com 
susan.m.scott@enron.com=m..scott@enron.com


# gerald nemec
gerald.nemec@enron.com=gerald.nemec@enron.com
Gerald.Nemec@enron.com=gerald.nemec@enron.com
gnemec@ect.enron.com=gerald.nemec@enron.com

# drew fossum
drew.fossum@enron.com=drew.fossum@enron.com
fossum@enron.com=drew.fossum@enron.com
drew_fossum@enron.com=drew.fossum@enron.com
dfossum@enron.com=drew.fossum@enron.com

# john arnold
john.arnold@enron.com=john.arnold@enron.com
arnold.john@enron.com=john.arnold@enron.com
jarnold@enron.com=john.arnold@enron.com
jarnold@ees.enron.com=john.arnold@enron.com
arnold@enron.com=john.arnold@enron.com

#carol clair
carol.clair@enron.com=carol.clair@enron.com

# benjamin rogers
benjamin.rogers@enron.com=benjamin.rogers@enron.com

# richard sanders
richard.sanders@enron.com=richard.sanders@enron.com
rsanders@enron.com=richard.sanders@enron.com
richard.b.sanders@enron.com=richard.sanders@enron.com
richard_b_sanders@enron.com=richard.sanders@enron.com
Richard.B.Sanders@enron.com=richard.sanders@enron.com

# phillip love
phillip.love@enron.com=phillip.love@enron.com
plove@enron.com=phillip.love@enron.com
phillip.m.love@enron.com=phillip.love@enron.com
m..love@enron.com=phillip.love@enron.com

# Harry Arora
harora@enron.com=harry.arora@enron.com
harry.arora@enron.com=harry.arora@enron.com
harrysarora@yahoo.com=harry.arora@enron.com

#Robert Badeer
robert.badeer@enron.com=robert.badeer@enron.com

#Don Baughman Jr.
d..baughman@enron.com=edward.baughman@enron.com
edward.baughman@enron.com=edward.baughman@enron.com
don.baughman@enron.com=edward.baughman@enron.com

#Robert Benson
robert.benson@enron.com=robert.benson@enron.com

#Sandra F. Brawner
sandra.brawner@enron.com=sandra.brawner@enron.com
f..brawner@enron.com=sandra.brawner@enron.com

#Rick Buy
rick.buy@enron.com=rick.buy@enron.com

#Larry Campbell
larry.campbell@enron.com=larry.campbell@enron.com

#Mike Carson
mike.carson@enron.com=mike.carson@enron.com
home.mike@enron.com=mike.carson@enron.com

#Michelle Cash
michelle.cash@enron.com=michelle.cash@enron.com

#Shelley Corman
shelley.corman@enron.com=shelley.corman@enron.com

#Martin Cuilla
martin.cuilla@enron.com=martin.cuilla@enron.com
mcuilla@enron.com=martin.cuilla@enron.com

#Dana Davis
dana.davis@enron.com=dana.davis@enron.com
ddavis@enron.com=dana.davis@enron.com

#Clint Dean
clint.dean@enron.com=clint.dean@enron.com
cdean@enron.com=clint.dean@enron.com

#David W. Delainey
david.delainey@enron.com=david.delainey@enron.com

#Craig Dean
craig.dean@enron.com=craig.dean@enron.com
cdean2@enron.com=craig.dean@enron.com

#James Derrick Jr.
james.derrick@enron.com=james.derrick@enron.com
jderric@nron.com=james.derrick@enron.com

#Stacy E. Dickson
e..dickson@enron.com=stacy.dickson@enron.com
e.dickson@enron.com=stacy.dickson@enron.com
sdickso@enron.com=stacy.dickson@enron.com

#Tom Donohoe
tom.donohoe@enron.com=tom.donohoe@enron.com

#Chris Dorland
chris.dorland@enron.com=chris.dorland@enron.com
cdorlan@enron.com=chris.dorland@enron.com

#Lindy Donoho
lindy.donoho@enron.com=lindy.donoho@enron.com
ldonoho@enron.com=lindy.donoho@enron.com

#Mary Fischer
mfischer@enron.com=mary.fischer@enron.com
mary.fischer@enron.com=mary.fischer@enron.com

#Daren J. Farmer
dfarmer@enron.com=daren.farmer@enron.com

#Frank Ermis
frank.ermis@enron.com=frank.ermis@enron.com
fermis@enron.com=frank.ermis@enron.com

#John M. Forney
m..forney@enron.com=john.forney@enron.com
john.forney@enron.com=john.forney@enron.com

#Lisa Gang
lisa.honey@enron.com=lisa.gang@enron.com
lisa.gang@enron.com=lisa.gang@enron.com
lgang@enron.com=lisa.gang@enron.com

#Randall L. Gay
l..gay@enron.com=randall.gay@enron.com
randall.gay@enron.com=randall.gay@enron.com
rgay@enron.com=randall.gay@enron.com

#Mike Grigsby
home.grigsby@enron.com=mike.grigsby@enron.com
mgrigsb@enron.com=mike.grigsby@enron.com

#Mary Hain
mhain=mary.hain@enron.com

#John Griffith
john.griffith@enron.com=john.griffith@enron.com

#Steven Harris
sharris1@enron.com=steven.harris@enron.com

#Mark Guzman
mark.guzman@enron.com=mark.guzman@enron.com
mguzman3@enron.com=mark.guzman@enron.com

#Tracy Geaccone
tgeacco@enron.com=tracy.geaccone@enron.com


#Mark E. Haedicke
e..haedicke@enron.com=mark.haedicke@enron.com
mhaedic@enron.com=mark.haedicke@enron.com

#Rod Hayslett
rod.hayslett@enron.com=rod.hayslett@enron.com
rhaysle@enron.com=rod.hayslett@enron.com

#Scott Hendrickson
scott'.'hendrickson@enron.com=scott.hendrickson@enron.com
scott.hendrickson@enron.com=scott.hendrickson@enron.com
shendri@enron.com=scott.hendrickson@enron.com

#Marie Heard
mheard@enron.com=marie.heard@enron.com

#Juan Hernandez
juan.hernandez@enron.com=juan.hernandez@enron.com
jhernan3@enron.com=juan.hernandez@enron.com

#Judy Hernandez
judy.hernandez@enron.com=judy.hernandez@enron.com
jhernan@enron.com=judy.hernandez@enron.com

#Jeffrey T. Hodge
jeffrey.hodge@enron.com=jeffrey.hodge@enron.com
t..hodge@enron.com=jeffrey.hodge@enron.com
jhodge@enron.com=jeffrey.hodge@enron.com

#John Hodge
john.hodge@enron.com=john.hodge@enron.com
jhodge2@enron.com=john.hodge@enron.com

#Keith Holst
kholst@enron.com=keith.holst@enron.com
keith.holst@enron.com=keith.holst@enron.com
kholst@enron.com=keith.holst@enron.com

#Stanley Horton
stanley.horton@enron.com=stanley.horton@enron.com
shorton@enron.com=stanley.horton@enron.com

#Kevin Hyatt
kevin.bosse@enron.com=kevin.hyatt@enron.com
khyatt@enron.com=kevin.hyatt@enron.com

darron.giron@enron.com=darron.giron@enron.com

#Peter F. Keavey
home.keavey@enron.com=peter.keavey@enron.com
f..keavey@enron.com=peter.keavey@enron.com
peter.keavey@enron.com=peter.keavey@enron.com
pkeavey@enron.com=peter.keavey@enron.com

#Kam Keiser
kam.keiser@enron.com=kam.keiser@enron.com

#Louise Kitchen
louise.kitchen@enron.com=louise.kitchen@enron.com
lkitchen@enron.com=louise.kitchen@enron.com

#Tori Kuykendall
tori.kuykendall@enron.com=tori.kuykendall@enron.com

#John J. Lavorato
john.lavorato@enron.com=john.lavorato@enron.com
lavorato@enron.com=john.lavorato@enron.com
jlavora@enron.com=john.lavorato@enron.com

#Kenneth Lay
klay@enron.com=kenneth.lay@enron.com

#Matthew Lenhart
lenhart.matt@enron.com=lenhart.matt@enron.com
mlenhar@enron.com=lenhart.matt@enron.com

#Andrew H. Lewis
andrew.lewis@enron.com=andrew.lewis@enron.com
alewis@enron.com=andrew.lewis@enron.com

#Paul T. Lucci
t..lucci@enron.com=paul.lucci@enron.com
paul.lucci@enron.com=paul.lucci@enron.com
plucci@enron.com=paul.lucci@enron.com

#Michelle Lokay
mlokay@enron.com=michelle.lokay@enron.com

#Teb Lokey
tlokey@enron.com=teb.lokey@enron.com

#Eric Linder
elinder@enron.com=eric.linder@enron.com

#Mike Maggi
mike.maggi@enron.com=mike.maggi@enron.com
mmaggi@enron.com=mike.maggi@enron.com

#Thomas A. Martin
arvel.martin@enron.com=thomas.martin@enron.com
a..martin@enron.com=thomas.martin@enron.com
thomas.martin@enron.com=thomas.martin@enron.com
tmartin@enron.com=thomas.martin@enron.com

#Danny McCarty
danny.mccarty@enron.com=danny.mccarty@enron.com
dmccarty@enron.com=danny.mccarty@enron.com

#Larry May
larry.may@enron.com=larry.may@enron.com
lmay2@enron.com=larry.may@enron.com

#Danny McCarty
danny.mccarty@enron.com=danny.mccarty@enron.com
Danny.McCarty@enron.com=danny.mccarty@enron.com


#Mark McConnell
mark.mcconnell@enron.com=mark.mcconnell@enron.com
connely.mark@enron.com=mark.mcconnell@enron.com
mark_mcconnell@enron.com=mark.mcconnell@enron.com
mmcconne@enron.com=mark.mcconnell@enron.com

#Mike McConnell
mike.mcconnell@enron.com=mike.mcconnell@enron.com
Mike.McConnell@enron.com=mike.mcconnell@enron.com
mike.mcconnell@ect.enron.com=mike.mcconnell@enron.com
mike'.'mcconnell@enron.com=mike.mcconnell@enron.com

#Brad McKay
brad.mckay@enron.com=brad.mckay@enron.com
Brad.McKay@enron.com=brad.mckay@enron.com
mckay@enron.com=brad.mckay@enron.com
bmckay@enron.com=brad.mckay@enron.com
bmckay@ect.enron.com=brad.mckay@enron.com
mckay.com.brad@enron.com=brad.mckay@enron.com

#Jonathan McKay
Jonathan.Mckay@enron.com=jonathan.mckay@enron.com
jmckay2@ect.enron.com=jonathan.mckay@enron.com
jonathan.mckay@enron.com=jonathan.mckay@enron.com
jmckay1@enron.com=jonathan.mckay@enron.com

#Errol McLaughlin Jr.
errol.mclaughlin@enron.com=errol.mclaughlin@enron.com

#Steven Merris
steven.merris@enron.com=steven.merris@enron.com
Steven.Merris@enron.com=steven.merris@enron.com
steven.merriss@enron.com=steven.merris@enron.com
smerris@enron.com=steven.merris@enron.com

#Bert Meyers
bmeyers@enron.com=bert.meyers@enron.com

#Patrice L. Mims
patrice.mims@enron.com=patrice.mims@enron.com
patrice.1.mims@enron.com=patrice.mims@enron.com
l..mims@enron.com=patrice.mims@enron.com
pmims@enron.com=patrice.mims@enron.com
pmims@ect.enron.com=patrice.mims@enron.com

#Matt Motley
matt.motley@enron.com=matt.motley@enron.com
motley.matt@enron.com=matt.motley@enron.com
mmotley@enron.com=matt.motley@enron.com

#Scott Neal
scott.neal@enron.com=scott.neal@enron.com
sneal@enron.com=scott.neal@enron.com

#Stephanie Panus
Stephanie.Panus@enron.com=stephanie.panus@enron.com
stephanie.panus@enron.com=stephanie.panus@enron.com
spanus@enron.com=stephanie.panus@enron.com

#Joe Parks
Joe.Parks@enron.com=joe.parks@enron.com
joe.parks@enron.com=joe.parks@enron.com
jparks@enron.com=joe.parks@enron.com
parks.joe@enron.com=joe.parks@enron.com
jparks@enron.com=joe.parks@enron.com

#Susan W. Pereira
susan.pereira@enron.com=susan.pereira@enron.com
susan.worthen@enron.com=susan.pereira@enron.com
spereir@ect.enron.com=susan.pereira@enron.com
pereira.susan@enron.com=susan.pereira@enron.com
susan.w.pereira@enron.com=susan.pereira@enron.com

#Vladi Pimenov
vpimenov@enron.com=vladi.pimenov@enron.com
Vladi.Pimenov@enron.com=vladi.pimenov@enron.com
vpimenov@enron.com=vladi.pimenov@enron.com
vladi.pimenov@enron.com=vladi.pimenov@enron.com

#Phillip Platter
Phillip.Platter@enron.com=phillip.platter@enron.com
phillip.platter@enron.com=phillip.platter@enron.com
platter.phil@enron.com=phillip.platter@enron.com
phillip.platter@enron.com=phillip.platter@enron.com

#Kevin M. Presto
m..presto@enron.com=kevin.presto@enron.com
Kevin.M.Presto@enron.com=kevin.presto@enron.com
presto.kevin@enron.com=kevin.presto@enron.com
kevin.presto@enron.com=kevin.presto@enron.com

#Joe Quenet
jquenet@enron.com=joe.quenet@enron.com
Joe.Quenet@enron.com=joe.quenet@enron.com
quenet.joe@enron.com=joe.quenet@enron.com
joe.quenet@enron.com=joe.quenet@enron.com


#Dutch Quigley
dutch.quigley@enron.com=dutch.quigley@enron.com
Dutch.Quigley@enron.com=dutch.quigley@enron.com
quigley.dutch@enron.com=dutch.quigley@enron.com
dutch.quigley@ect.enron.com=dutch.quigley@enron.com

#Bill Rapp
bill.rapp@enron.com=bill.rapp@enron.com
brapp@enron.com=bill.rapp@enron.com

#Jay Reitmeyer
jay.reitmeyer@enron.com=jay.reitmeyer@enron.com

#Cooper Richey
Cooper.Richey@enron.com=cooper.richey@enron.com
cooper.richey@enron.com=cooper.richey@enron.com
richey@enron.com=cooper.richey@enron.com
crichey@enron.com=cooper.richey@enron.com
crichey@ect.enron.com=cooper.richey@enron.com

#Andrea Ring
Andrea.Ring@enron.com=andrea.ring@enron.com
andrea.ring@enron.com=andrea.ring@enron.com

#Richard Ring
richard.ring@enron.com=richard.ring@enron.com

#Robin Rodrigue
robin.rodrigue@enron.com=robin.rodrigue@enron.com

#Benjamin Rogers
benjamin.rogers@enron.com=benjamin.rogers@enron.com
Benjamin.Rogers@enron.com=benjamin.rogers@enron.com

#Kevin Ruscitti
kevin.ruscitti@enron.com=kevin.ruscitti@enron.com
Kevin.Ruscitti@enron.com=kevin.ruscitti@enron.com

#Elizabeth Sager
elizabeth.sager@enron.com=elizabeth.sager@enron.com
Elizabeth.Sager@enron.com=elizabeth.sager@enron.com
esager2@enron.com=elizabeth.sager@enron.com
esager@enron.com=elizabeth.sager@enron.com
esager2@ect.enron.com=elizabeth.sager@enron.com
esager@ect.enron.com=elizabeth.sager@enron.com

#Eric Saibi
eric.saibi@enron.com=eric.saibi@enron.com
Eric.Saibi@enron.com=eric.saibi@enron.com
esaibi@enron.com=eric.saibi@enron.com
saibi.eric@enron.com=eric.saibi@enron.com

#Holden Salisbury
Holden.Salisbury@enron.com=holden.salisbury@enron.com
holden.salisbury@enron.com=holden.salisbury@enron.com

#Monique Sanchez
monique.sanchez@enron.com=monique.sanchez@enron.com
Monique.Sanchez@enron.com=monique.sanchez@enron.com
sanchez.monique@enron.com=monique.sanchez@enron.com
monique'.'sanchez@enron.com=monique.sanchez@enron.com

#Diana Scholtes
diana.scholtes@enron.com=diana.scholtes@enron.com

#Darrell Schoolcraft
schoolcraft'.'darrell@enron.com=darrell.schoolcraft@enron.com
darrell.schoolcraft@enron.com=darrell.schoolcraft@enron.com
Darrell.Schoolcraft@enron.com=darrell.schoolcraft@enron.com
schoolcraft.darrell@enron.com=darrell.schoolcraft@enron.com

#jim schwieger
jim.schwieger@enron.com=jim.schwieger@enron.com
Jim.Schwieger@enron.com=jim.schwieger@enron.com
jim'.'schwieger@enron.com=jim.schwieger@enron.com

#cara semperger
cara.semperger@enron.com=cara.semperger@enron.com

#Jeffrey A. Shankman
jeffrey.shankman@enron.com=jeffrey.shankman@enron.com
a..shankman@enron.com=jeffrey.shankman@enron.com
Jeffrey.A.Shankman@enron.com=jeffrey.shankman@enron.com
jeffrey.a.shankman@enron.com=jeffrey.shankman@enron.com
shankman.jeff@enron.com==jeffrey.shankman@enron.com

#Richard Shapiro
richard.shapiro@enron.com=richard.shapiro@enron.com
rshapiro@enron.com=richard.shapiro@enron.com
Richard.Shapiro@enron.com=richard.shapiro@enron.com

#Hunter S. Shively
hunter.shively@enron.com=hunter.shively@enron.com
s..shively@enron.com=hunter.shively@enron.com
Hunter.S.Shively@enron.com=hunter.shively@enron.com
hunters.shively@enron.com=hunter.shively@enron.com
shively.hunter@enron.com=hunter.shively@enron.com
hunter.s.shively@enron.com=hunter.shively@enron.com

#Jeff Skilling
jskilling@enron.com=jeff.skilling@enron.com
jeff.skilling@enron.com=jeff.skilling@enron.com  
Jeff.Skilling@enron.com=jeff.skilling@enron.com  
jeffrey.skilling@enron.com=jeff.skilling@enron.com  
jeff_skilling@enron.com=jeff.skilling@enron.com
jeffrey.k.skilling@enron.com=jeff.skilling@enron.com

#Ryan Slinger
ryan.slinger@enron.com=ryan.slinger@enron.com
Ryan.Slinger@enron.com=ryan.slinger@enron.com

#Matt Smith
matt.smith@enron.com=matt.smith@enron.com
msmith18@enron.com=matt.smith@enron.com

#Geir Solberg
geir.solberg@enron.com=geir.solberg@enron.com
gsolberg@enron.com=geir.solberg@enron.com

#Steven P. South
steven.south@enron.com=steven.south@enron.com
p..south@enron.com=steven.south@enron.com
ssouth@enron.com=steven.south@enron.com
steven.p.south@enron.com=steven.south@enron.com
ssouth@ect.enron.com=steven.south@enron.com

#Theresa Staab
Theresa.Staab@enron.com=theresa.staab@enron.com
theresa_staab@enron.com=theresa.staab@enron.com
theresa.staab@enron.com=theresa.staab@enron.com

#Carol St Clair
Carol.St.Clair@enron.com=carol.clair@enron.com
carol.st.clair@enron.com=carol.clair@enron.com
carol.stclair@enron.com=carol.clair@enron.com
carol.clair@enron.com=carol.clair@enron.com


#James D. Steffes
jsteffes@enron.com=steffes.james@enron.com
james_d_steffes@enron.com=steffes.james@enron.com
James.D.Steffes@enron.com=steffes.james@enron.com
steffes.james@enron.com=steffes.james@enron.com
d..steffes@enron.com=steffes.james@enron.com

#Joe Stepenovitch
joe.stepenovitch@enron.com=joe.stepenovitch@enron.com
Joe.Stepenovitch@enron.com=joe.stepenovitch@enron.com
joe_stepenovitch@enron.com=joe.stepenovitch@enron.com
jstepeno@enron.com=joe.stepenovitch@enron.com

#Chris Stokley
chris.stokley@enron.com=chris.stokley@enron.com
Chris.Stokley@enron.com=chris.stokley@enron.com

#Geoff Storey
geoff.storey@enron.com=geoff.storey@enron.com
geof.storey@enron.com=geoff.storey@enron.com
geoff_storey@enron.com=geoff.storey@enron.com
storey.geof@enron.com=geoff.storey@enron.com
gstorey@ect.enron.com=geoff.storey@enron.com
gstorey@enron.com=geoff.storey@enron.com

#Fletcher J. Sturm
fsturm@ect.enron.com=fletcher.sturm@enron.com
fletcher.sturm@enron.com=fletcher.sturm@enron.com
j..sturm@enron.com=fletcher.sturm@enron.com
fletch.sturm@enron.com=fletcher.sturm@enron.com
fsturm@enron.com=fletcher.sturm@enron.com

#Mike Swerzbin
mike.swerzbin2@enron.com=mike.swerzbin2@enron.com
swerzbin.mike@enron.com=mike.swerzbin2@enron.com

#Kate Symes
Kate.Symes@enron.com=kate.symes@enron.com
ksymes@enron.com=kate.symes@enron.com
kate.symes@enron.com=kate.symes@enron.com

#Mark E. Taylor
Mark.Taylor@enron.com=mark.taylor@enron.com
e..taylor@enron.com=mark.taylor@enron.com
e.taylor@enron.com=mark.taylor@enron.com
mark.taylor@enron.com=mark.taylor@enron.com
mtaylo1@ect.enron.com=mark.taylor@enron.com
mtaylo1@enron.com=mark.taylor@enron.com

#Jane M. Tholt
m..tholt@enron.com=jane.tholt@enron.com
jane.tholt@enron.com=jane.tholt@enron.com
jtholt@ect.enron.com=jane.tholt@enron.com
jtholt@enron.com=jane.tholt@enron.com
jane.m.tholt@enron.com=jane.tholt@enron.com
Jane.M.Tholt@enron.com=jane.tholt@enron.com

#Judy Townsend
judy.townsend@enron.com=judy.townsend@enron.com

#Barry Tycholiz
Barry.Tycholiz@enron.com=barry.tycholiz@enron.com   
barry.tycholiz@enron.com=barry.tycholiz@enron.com
btychol@ect.enron.com=barry.tycholiz@enron.com

#Kim S. Ward
kim.ward@enron.com=kim.ward@enron.com
s..ward@enron.com=kim.ward@ukenron.com
Kim.Ward@enron.com=kim.ward@enron.com

#Kimberly Watson
Kimberly.Watson@enron.com=kimberly.watson@enron.com
kim.watson@enron.com=kimberly.watson@enron.com
kwatson@enron.com=kimberly.watson@enron.com
kimberly.watson@enron.com=kimberly.watson@enron.com

#V Charles Weldon
v.weldon@enron.com=v.weldon@enron.com
charles.weldon@enron.com=v.weldon@enron.com
V.Charles.Weldon@enron.com=v.weldon@enron.com
v.charles.weldon@enron.com=v.weldon@enron.com
vcharles.weldon@enron.com=v.weldon@enron.com
charles.weldon@enron.com=v.weldon@enron.com

#Greg Whalley
Greg.Whalley@enron.com=greg.whalley@enron.com
gwhalley@enron.com=greg.whalley@enron.com    
halley@enron.com=greg.whalley@enron.com
greg.whalley@enron.com=greg.whalley@enron.com

#Stacey W. White
Stacey.W.White@enron.com=stacey.white@enron.com
s..white@enron.com=stacey.white@enron.com
swhite@notes.enron.com=stacey.white@enron.com
swhite@notes.enron.com=stacey.white@enron.com
stacey.w.white@enron.com=stacey.white@enron.com
stacey.white@enron.com=stacey.white@enron.com

#Mark Whitt
mwhitt@ect.enron.com=mark.whitt@enron.com
Mark.Whitt@enron.com=mark.whitt@enron.com
mwhitt@enron.com=mark.whitt@enron.com
mark.whitt@enron.com=mark.whitt@enron.com

#Jason Williams
jason.williams@enron.com=jason.williams@enron.com
Jason.Williams@enron.com=jason.williams@enron.com

#Bill Williams III
bwillia5@enron.com=bill.williams@enron.com
bwillia5@ect.enron.com=bill.williams@enron.com
Bill.Williams@enron.com=bill.williams@enron.com
bill.william.iii@enron.com=bill.williams@enron.com
bill.williams@enron.com=bill.williams@enron.com     

#Jason Wolfe
jason.wolfe@enron.com=jason.wolfe@enron.com
Jason.Wolfe@enron.com=jason.wolfe@enron.com

#Paul Y\u2019Barbo
pybarbo@ei.enron.com=paul.y'barbo@enron.com
paul.y'barbo@enron.com=paul.y'barbo@enron.com
paul.barbosa@enron.com=paul.y'barbo@enron.com
pybarbo@enron.com=paul.y'barbo@enron.com

#Andy Zipper
zipper.andy@enron.com=andy.zipper@enron.com
azipper@enron.com=andy.zipper@enron.com
Andy.Zipper@enron.com=andy.zipper@enron.com
andy.zipper@enron.com=andy.zipper@enron.com

#John Zufferli
john.zufferli@enron.com=john.zufferli@enron.com
john_zufferli@enron.com=john.zufferli@enron.com

#Phillip K. Allen
k..allen@enron.com=phillip.allen@enron.com
Phillip.K.Allen@enron.com=phillip.allen@enron.com
philip.allen@enron.com=phillip.allen@enron.com
pallen@enron.com=phillip.allen@enron.com
phillip.allen@enron.com=phillip.allen@enron.com

#Susan Bailey
sbaile2@enron.com=susan.bailey@enron.com
susan.bailey@enron.com=susan.bailey@enron.com

#Lynn Blair
lynn.blair@enron.com=lynn.blair@enron.com
lblair@enron.com=lynn.blair@enron.com
